Workbook

Sheet Lead Log
A1: Week Of | B1: Date | C1: Lead Name | D1: Phone | E1: Company | F1: Prospect Type | G1: Source of Lead | H1: Campaign | I1: Lead ID | J1: Source of Referral | K1: Responded? | L1: Qualified? | M1: Reason Not Qualified | N1: Next Follow-up | O1: Notes
A2: =IF(B2="","",TEXT(B2-(WEEKDAY(B2,2)-1),"mmm d")&" - "&TEXT(B2-(WEEKDAY(B2,2)-1)+5,"mmm d")) -> Jul 6 - Jul 11 | B2: 46209 | C2: Pravine | F2: Investor | K2: Yes | O2: Contact method: Phone Call | Attempts: 3
A3: =IF(B3="","",TEXT(B3-(WEEKDAY(B3,2)-1),"mmm d")&" - "&TEXT(B3-(WEEKDAY(B3,2)-1)+5,"mmm d")) -> Jul 6 - Jul 11 | B3: 46209 | C3: Vikas Bedi | F3: Investor | K3: Yes | O3: Contact method: Phone Call | Attempts: 2
A4: =IF(B4="","",TEXT(B4-(WEEKDAY(B4,2)-1),"mmm d")&" - "&TEXT(B4-(WEEKDAY(B4,2)-1)+5,"mmm d")) -> Jul 6 - Jul 11 | B4: 46209 | C4: Pam Paolo | F4: Investor | K4: Yes | O4: Contact method: Phone Call | Attempts: 1
A5: =IF(B5="","",TEXT(B5-(WEEKDAY(B5,2)-1),"mmm d")&" - "&TEXT(B5-(WEEKDAY(B5,2)-1)+5,"mmm d")) -> Jul 6 - Jul 11 | B5: 46210 | C5: Dan Talos | F5: Developer | K5: Yes | O5: Contact method: Other | Attempts: 2
A6: =IF(B6="","",TEXT(B6-(WEEKDAY(B6,2)-1),"mmm d")&" - "&TEXT(B6-(WEEKDAY(B6,2)-1)+5,"mmm d")) -> Jul 6 - Jul 11 | B6: 46211 | C6: Frédéric Louis | F6: Investor | K6: Yes | O6: Contact method: Phone Call | Attempts: 3 | Follow-up (as written): N/A | Dead end
A7: =IF(B7="","",TEXT(B7-(WEEKDAY(B7,2)-1),"mmm d")&" - "&TEXT(B7-(WEEKDAY(B7,2)-1)+5,"mmm d")) -> Jul 6 - Jul 11 | B7: 46211 | C7: Nino Saad | F7: Investor | K7: Yes | O7: Contact method: Phone Call | Attempts: 2
A8: =IF(B8="","",TEXT(B8-(WEEKDAY(B8,2)-1),"mmm d")&" - "&TEXT(B8-(WEEKDAY(B8,2)-1)+5,"mmm d")) -> Jul 6 - Jul 11 | B8: 46211 | C8: Suzanne Kouahou | F8: Other | K8: Yes | O8: Contact method: Phone Call | Attempts: 1 | Follow-up (as written): N/A | Dead end
A9: =IF(B9="","",TEXT(B9-(WEEKDAY(B9,2)-1),"mmm d")&" - "&TEXT(B9-(WEEKDAY(B9,2)-1)+5,"mmm d")) -> Jul 6 - Jul 11 | B9: 46211 | C9: Fabrice Kamdem | F9: Developer | K9: Yes | O9: Contact method: Email | Attempts: 7 | Follow-up (as written): July 9th | Unreachable, line is not connected.
A10: =IF(B10="","",TEXT(B10-(WEEKDAY(B10,2)-1),"mmm d")&" - "&TEXT(B10-(WEEKDAY(B10,2)-1)+5,"mmm d")) -> Jul 6 - Jul 11 | B10: 46211 | C10: Vince Adams | F10: Investor | K10: No | O10: Contact method: Email | Attempts: 3 | email, phonecall, text
A11: =IF(B11="","",TEXT(B11-(WEEKDAY(B11,2)-1),"mmm d")&" - "&TEXT(B11-(WEEKDAY(B11,2)-1)+5,"mmm d")) -> Jul 6 - Jul 11 | B11: 46211 | C11: Michael Stavrou | F11: Developer | K11: Yes | O11: Contact method: Phone Call | Attempts: 3
A12: =IF(B12="","",TEXT(B12-(WEEKDAY(B12,2)-1),"mmm d")&" - "&TEXT(B12-(WEEKDAY(B12,2)-1)+5,"mmm d")) -> Jul 6 - Jul 11 | B12: 46211 | C12: Rannie Dangle | F12: Investor | K12: No | O12: Contact method: Email | Attempts: 4
A13: =IF(B13="","",TEXT(B13-(WEEKDAY(B13,2)-1),"mmm d")&" - "&TEXT(B13-(WEEKDAY(B13,2)-1)+5,"mmm d")) -> Jul 6 - Jul 11 | B13: 46211 | C13: Leonardo Montes | F13: Investor | K13: Yes | O13: Contact method: Phone Call | Attempts: 3
... A18: =IF(B18="","",TEXT(B18-(WEEKDAY(B18,2)-1),"mmm d")&" - "&TEXT(B18-(WEEKDAY(B18,2)-1)+5,"mmm d")) -> Jul 6 - Jul 11 | B18: 46211 | C18: Steve Dunne | F18: Investor | K18: Yes | O18: Contact method: Email | Attempts: 1 | Follow-up (as written): July 13th | Will need to be a meeting in Halifax.
A19: =IF(B19="","",TEXT(B19-(WEEKDAY(B19,2)-1),"mmm d")&" - "&TEXT(B19-(WEEKDAY(B19,2)-1)+5,"mmm d")) -> Jul 6 - Jul 11 | B19: 46212 | C19: Pierre-Alexandre Rochefort | E19: Rochefort | F19: Other | K19: Yes | O19: Contact method: In-Person | Attempts: 1
A20: =IF(B20="","",TEXT(B20-(WEEKDAY(B20,2)-1),"mmm d")&" - "&TEXT(B20-(WEEKDAY(B20,2)-1)+5,"mmm d")) -> Jul 6 - Jul 11 | B20: 46212 | C20: Sarah Belouchi | E20: PFD | F20: Lawyer | K20: Yes | O20: Contact method: In-Person | Attempts: 1
A21: =IF(B21="","",TEXT(B21-(WEEKDAY(B21,2)-1),"mmm d")&" - "&TEXT(B21-(WEEKDAY(B21,2)-1)+5,"mmm d")) -> Jul 6 - Jul 11 | B21: 46212 | C21: Louis-Philippe Desjardins | E21: PFD | F21: Lawyer | K21: Yes | O21: Contact method: In-Person | Attempts: 1
A22: =IF(B22="","",TEXT(B22-(WEEKDAY(B22,2)-1),"mmm d")&" - "&TEXT(B22-(WEEKDAY(B22,2)-1)+5,"mmm d")) -> Jul 6 - Jul 11 | B22: 46212 | C22: Alexandra Darras | E22: BDC | F22: Banker | K22: Yes | O22: Contact method: In-Person | Attempts: 1
A23: =IF(B23="","",TEXT(B23-(WEEKDAY(B23,2)-1),"mmm d")&" - "&TEXT(B23-(WEEKDAY(B23,2)-1)+5,"mmm d")) -> Jul 6 - Jul 11 | B23: 46212 | C23: Alexia Deshaies | E23: BNC | F23: Banker | K23: Yes | O23: Contact method: In-Person | Attempts: 1
A24: =IF(B24="","",TEXT(B24-(WEEKDAY(B24,2)-1),"mmm d")&" - "&TEXT(B24-(WEEKDAY(B24,2)-1)+5,"mmm d")) -> Jul 6 - Jul 11 | B24: 46212 | C24: Renaud Mondor | E24: BNC | F24: Banker | K24: Yes | O24: Contact method: LinkedIn | Attempts: 1
A25: =IF(B25="","",TEXT(B25-(WEEKDAY(B25,2)-1),"mmm d")&" - "&TEXT(B25-(WEEKDAY(B25,2)-1)+5,"mmm d")) -> Jul 6 - Jul 11 | B25: 46212 | C25: David Stefani | E25: TD | F25: Banker | K25: Yes | O25: Contact method: LinkedIn | Attempts: 1
A26: =IF(B26="","",TEXT(B26-(WEEKDAY(B26,2)-1),"mmm d")&" - "&TEXT(B26-(WEEKDAY(B26,2)-1)+5,"mmm d")) -> Jul 6 - Jul 11 | B26: 46212 | C26: Daphne Pungartnik | E26: Royal Lepage | F26: Other | K26: Yes | O26: Contact method: LinkedIn | Attempts: 1
A27: =IF(B27="","",TEXT(B27-(WEEKDAY(B27,2)-1),"mmm d")&" - "&TEXT(B27-(WEEKDAY(B27,2)-1)+5,"mmm d")) -> Jul 6 - Jul 11 | B27: 46212 | C27: Elisabeth Cabrera | E27: TD | F27: Banker | K27: Yes | O27: Contact method: LinkedIn | Attempts: 1
A28: =IF(B28="","",TEXT(B28-(WEEKDAY(B28,2)-1),"mmm d")&" - "&TEXT(B28-(WEEKDAY(B28,2)-1)+5,"mmm d")) -> Jul 6 - Jul 11 | B28: 46212 | C28: Clifton Mahotieres | E28: Medical professional | F28: Other | K28: Yes | O28: Contact method: LinkedIn | Attempts: 1
A29: =IF(B29="","",TEXT(B29-(WEEKDAY(B29,2)-1),"mmm d")&" - "&TEXT(B29-(WEEKDAY(B29,2)-1)+5,"mmm d")) -> Jul 6 - Jul 11 | B29: 46212 | C29: Amélie Beauchamp | E29: Desjardins | F29: Other | K29: Yes | O29: Contact method: In-Person | Attempts: 1
A30: =IF(B30="","",TEXT(B30-(WEEKDAY(B30,2)-1),"mmm d")&" - "&TEXT(B30-(WEEKDAY(B30,2)-1)+5,"mmm d")) -> Jul 6 - Jul 11 | B30: 46212 | C30: Anthony Lorrain | E30: BNC | F30: Other | K30: Yes | O30: Contact method: In-Person | Attempts: 1
A31: =IF(B31="","",TEXT(B31-(WEEKDAY(B31,2)-1),"mmm d")&" - "&TEXT(B31-(WEEKDAY(B31,2)-1)+5,"mmm d")) -> Jul 6 - Jul 11 | B31: 46212 | C31: Antoine Niquette-Serrechia | F31: Other | K31: Yes | O31: Contact method: In-Person | Attempts: 1
A32: =IF(B32="","",TEXT(B32-(WEEKDAY(B32,2)-1),"mmm d")&" - "&TEXT(B32-(WEEKDAY(B32,2)-1)+5,"mmm d")) -> Jul 6 - Jul 11 | B32: 46212 | C32: Audrey Bélanger | E32: Les Batisseurs | F32: Accountant | K32: Yes | O32: Contact method: LinkedIn | Attempts: 1
A33: =IF(B33="","",TEXT(B33-(WEEKDAY(B33,2)-1),"mmm d")&" - "&TEXT(B33-(WEEKDAY(B33,2)-1)+5,"mmm d")) -> Jul 6 - Jul 11 | B33: 46212 | C33: Charles-Étienne Pressé | E33: Groupe CH | F33: Lawyer | K33: Yes | O33: Contact method: LinkedIn | Attempts: 1
A34: =IF(B34="","",TEXT(B34-(WEEKDAY(B34,2)-1),"mmm d")&" - "&TEXT(B34-(WEEKDAY(B34,2)-1)+5,"mmm d")) -> Jul 6 - Jul 11 | B34: 46212 | C34: Emmanuelle Alcindor | F34: Other | K34: Yes | O34: Contact method: In-Person | Attempts: 1
A35: =IF(B35="","",TEXT(B35-(WEEKDAY(B35,2)-1),"mmm d")&" - "&TEXT(B35-(WEEKDAY(B35,2)-1)+5,"mmm d")) -> Jul 6 - Jul 11 | B35: 46212 | C35: Etienne C. Laplante | E35: Les Batisseurs | F35: Lawyer | K35: Yes | O35: Contact method: In-Person | Attempts: 1
A36: =IF(B36="","",TEXT(B36-(WEEKDAY(B36,2)-1),"mmm d")&" - "&TEXT(B36-(WEEKDAY(B36,2)-1)+5,"mmm d")) -> Jul 6 - Jul 11 | B36: 46212 | C36: Eve Provost | E36: BNC | F36: Banker | K36: Yes | O36: Contact method: In-Person | Attempts: 1
A37: =IF(B37="","",TEXT(B37-(WEEKDAY(B37,2)-1),"mmm d")&" - "&TEXT(B37-(WEEKDAY(B37,2)-1)+5,"mmm d")) -> Jul 6 - Jul 11 | B37: 46212 | C37: Francis Corriveau-Sauvé | F37: Accountant | K37: Yes | O37: Contact method: In-Person | Attempts: 1
A38: =IF(B38="","",TEXT(B38-(WEEKDAY(B38,2)-1),"mmm d")&" - "&TEXT(B38-(WEEKDAY(B38,2)-1)+5,"mmm d")) -> Jul 6 - Jul 11 | B38: 46212 | C38: Francis Gendron | E38: Desjardins | F38: Banker | K38: Yes | O38: Contact method: In-Person | Attempts: 1
A39: =IF(B39="","",TEXT(B39-(WEEKDAY(B39,2)-1),"mmm d")&" - "&TEXT(B39-(WEEKDAY(B39,2)-1)+5,"mmm d")) -> Jul 6 - Jul 11 | B39: 46212 | C39: Frederic Paquette-Perreault | F39: Other | K39: Yes | O39: Contact method: In-Person | Attempts: 1
A40: =IF(B40="","",TEXT(B40-(WEEKDAY(B40,2)-1),"mmm d")&" - "&TEXT(B40-(WEEKDAY(B40,2)-1)+5,"mmm d")) -> Jul 13 - Jul 18 | B40: 46220 | C40: Yacine Bouda | E40: PMML | F40: Real Estate Broker | K40: Yes | O40: Contact method: In-Person | Attempts: 1
A41: =IF(B41="","",TEXT(B41-(WEEKDAY(B41,2)-1),"mmm d")&" - "&TEXT(B41-(WEEKDAY(B41,2)-1)+5,"mmm d")) -> Jul 20 - Jul 25 | B41: 46223 | C41: Mike Jagger linkedin after in person | E41: Rosefellow | F41: Developer | K41: Yes | O41: Contact method: LinkedIn | Attempts: 1
A42: =IF(B42="","",TEXT(B42-(WEEKDAY(B42,2)-1),"mmm d")&" - "&TEXT(B42-(WEEKDAY(B42,2)-1)+5,"mmm d")) -> Jul 20 - Jul 25 | B42: 46223 | C42: Angelo Ghaleb | E42: Multi-Pret (residential) | F42: Other | K42: Yes | O42: Contact method: In-Person | Attempts: 1
A43: =IF(B43="","",TEXT(B43-(WEEKDAY(B43,2)-1),"mmm d")&" - "&TEXT(B43-(WEEKDAY(B43,2)-1)+5,"mmm d")) -> Jul 20 - Jul 25 | B43: 46229 | C43: Christopher Salador | E43: Remax | F43: Real Estate Broker | K43: Yes | O43: Contact method: In-Person | Attempts: 1
A44: =IF(B44="","",TEXT(B44-(WEEKDAY(B44,2)-1),"mmm d")&" - "&TEXT(B44-(WEEKDAY(B44,2)-1)+5,"mmm d")) -> Jul 20 - Jul 25 | B44: 46229 | C44: Maxime Belma | E44: Remax | F44: Real Estate Broker | K44: Yes | O44: Contact method: In-Person | Attempts: 1
A45: =IF(B45="","",TEXT(B45-(WEEKDAY(B45,2)-1),"mmm d")&" - "&TEXT(B45-(WEEKDAY(B45,2)-1)+5,"mmm d")) -> Jul 27 - Aug 1 | B45: 46231 | C45: Ashley Dixon | E45: Remax | F45: Real Estate Broker | K45: Yes | O45: Contact method: Text/SMS | Attempts: 1
A46: =IF(B46="","",TEXT(B46-(WEEKDAY(B46,2)-1),"mmm d")&" - "&TEXT(B46-(WEEKDAY(B46,2)-1)+5,"mmm d")) -> Jul 20 - Jul 25 | B46: 46229 | C46: Pablo Baptiste | E46: Remax | F46: Real Estate Broker | K46: Yes | O46: Contact method: In-Person | Attempts: 1
A47: =IF(B47="","",TEXT(B47-(WEEKDAY(B47,2)-1),"mmm d")&" - "&TEXT(B47-(WEEKDAY(B47,2)-1)+5,"mmm d")) -> Jul 20 - Jul 25 | B47: 46229 | C47: Patrice-Alain Francois | E47: Remax | F47: Real Estate Broker | K47: Yes | O47: Contact method: In-Person | Attempts: 1
A48: =IF(B48="","",TEXT(B48-(WEEKDAY(B48,2)-1),"mmm d")&" - "&TEXT(B48-(WEEKDAY(B48,2)-1)+5,"mmm d")) -> Jul 27 - Aug 1 | B48: 46233 | C48: Danny Naami | E48: Sotheby's | F48: Real Estate Broker | K48: Yes | O48: Contact method: Phone Call | Attempts: 1
A49: =IF(B49="","",TEXT(B49-(WEEKDAY(B49,2)-1),"mmm d")&" - "&TEXT(B49-(WEEKDAY(B49,2)-1)+5,"mmm d")) -> Jul 27 - Aug 1 | B49: 46233 | C49: Deion Jean-Claude | E49: Remax | F49: Real Estate Broker | K49: Yes | O49: Contact method: In-Person | Attempts: 1
A50: =IF(B50="","",TEXT(B50-(WEEKDAY(B50,2)-1),"mmm d")&" - "&TEXT(B50-(WEEKDAY(B50,2)-1)+5,"mmm d")) -> Jul 27 - Aug 1 | B50: 46234 | C50: Bruno Therrien | E50: Multi-Pret (residential) | F50: Other | K50: Yes | O50: Contact method: In-Person | Attempts: 1
A51: =IF(B51="","",TEXT(B51-(WEEKDAY(B51,2)-1),"mmm d")&" - "&TEXT(B51-(WEEKDAY(B51,2)-1)+5,"mmm d")) -> Jul 27 - Aug 1 | B51: 46234 | C51: Alex Suvalian | E51: 1859 | F51: Banker | K51: Yes | O51: Contact method: Phone Call | Attempts: 1
... A72: =IF(B72="","",TEXT(B72-(WEEKDAY(B72,2)-1),"mmm d")&" - "&TEXT(B72-(WEEKDAY(B72,2)-1)+5,"mmm d")) -> Aug 3 - Aug 8 | B72: 46239 | C72: Louis Vivian | E72: BNC | F72: Banker | K72: Yes | O72: Contact method: Phone Call | Attempts: 1
A73: =IF(B73="","",TEXT(B73-(WEEKDAY(B73,2)-1),"mmm d")&" - "&TEXT(B73-(WEEKDAY(B73,2)-1)+5,"mmm d")) -> Aug 3 - Aug 8 | B73: 46240 | C73: Massinissa Bessa | F73: Investor | K73: No | O73: Contact method: Phone Call | Attempts: 2
A74: =IF(B74="","",TEXT(B74-(WEEKDAY(B74,2)-1),"mmm d")&" - "&TEXT(B74-(WEEKDAY(B74,2)-1)+5,"mmm d")) -> Aug 3 - Aug 8 | B74: 46240 | C74: Carlo Naude | F74: Investor | K74: Yes | O74: Contact method: Phone Call | Attempts: 2
A75: =IF(B75="","",TEXT(B75-(WEEKDAY(B75,2)-1),"mmm d")&" - "&TEXT(B75-(WEEKDAY(B75,2)-1)+5,"mmm d")) -> Aug 10 - Aug 15 | B75: 46244 | C75: Ayman Zazaa | F75: Investor | K75: Yes | O75: Contact method: Phone Call | Attempts: 1
A76: =IF(B76="","",TEXT(B76-(WEEKDAY(B76,2)-1),"mmm d")&" - "&TEXT(B76-(WEEKDAY(B76,2)-1)+5,"mmm d")) -> Aug 10 - Aug 15 | B76: 46245 | C76: Josée Martin Boyer | F76: Investor | K76: Yes | O76: Contact method: Text/SMS | Attempts: 3
A77: =IF(B77="","",TEXT(B77-(WEEKDAY(B77,2)-1),"mmm d")&" - "&TEXT(B77-(WEEKDAY(B77,2)-1)+5,"mmm d")) -> Aug 10 - Aug 15 | B77: 46245 | C77: Inna Inna | F77: Investor | K77: No | O77: Contact method: Phone Call | Attempts: 1
A78: =IF(B78="","",TEXT(B78-(WEEKDAY(B78,2)-1),"mmm d")&" - "&TEXT(B78-(WEEKDAY(B78,2)-1)+5,"mmm d")) -> Aug 10 - Aug 15 | B78: 46245 | C78: Vit Rob | F78: Investor | K78: No | O78: Contact method: Phone Call | Attempts: 1
A79: =IF(B79="","",TEXT(B79-(WEEKDAY(B79,2)-1),"mmm d")&" - "&TEXT(B79-(WEEKDAY(B79,2)-1)+5,"mmm d")) -> Aug 10 - Aug 15 | B79: 46244 | C79: Alexander Rigante | E79: De Grandpré Chait | F79: Lawyer | K79: Yes | O79: Contact method: In-Person | Attempts: 1
A80: =IF(B80="","",TEXT(B80-(WEEKDAY(B80,2)-1),"mmm d")&" - "&TEXT(B80-(WEEKDAY(B80,2)-1)+5,"mmm d")) -> Aug 10 - Aug 15 | B80: 46244 | C80: Judney Cineas | E80: LG Electronics (HVAC) | F80: Other | K80: Yes | O80: Contact method: In-Person | Attempts: 1
A81: =IF(B81="","",TEXT(B81-(WEEKDAY(B81,2)-1),"mmm d")&" - "&TEXT(B81-(WEEKDAY(B81,2)-1)+5,"mmm d")) -> Aug 10 - Aug 15 | B81: 46244 | C81: Gabriel Turcotte Lachance | E81: Pur Immobilia | F81: Investor | K81: Yes | O81: Contact method: In-Person | Attempts: 1
A82: =IF(B82="","",TEXT(B82-(WEEKDAY(B82,2)-1),"mmm d")&" - "&TEXT(B82-(WEEKDAY(B82,2)-1)+5,"mmm d")) -> Aug 10 - Aug 15 | B82: 46245 | C82: Adam Eidelmann | E82: Eidelmann Law | F82: Lawyer | K82: Yes | O82: Contact method: Phone Call | Attempts: 1
A83: =IF(B83="","",TEXT(B83-(WEEKDAY(B83,2)-1),"mmm d")&" - "&TEXT(B83-(WEEKDAY(B83,2)-1)+5,"mmm d")) -> Aug 10 - Aug 15 | B83: 46246 | C83: Francis Papadopoulos | E83: IQ | F83: Banker | K83: No | O83: Contact method: Email | Attempts: 1
A84: =IF(B84="","",TEXT(B84-(WEEKDAY(B84,2)-1),"mmm d")&" - "&TEXT(B84-(WEEKDAY(B84,2)-1)+5,"mmm d")) -> Aug 10 - Aug 15 | B84: 46246 | C84: Nicolas Abelhauser | E84: BDC | F84: Banker | K84: Yes | O84: Contact method: In-Person | Attempts: 1
A85: =IF(B85="","",TEXT(B85-(WEEKDAY(B85,2)-1),"mmm d")&" - "&TEXT(B85-(WEEKDAY(B85,2)-1)+5,"mmm d")) -> Aug 10 - Aug 15 | B85: 46246 | C85: Adrianne Panah | E85: BDC | F85: Banker | K85: Yes | O85: Contact method: In-Person | Attempts: 1
A86: =IF(B86="","",TEXT(B86-(WEEKDAY(B86,2)-1),"mmm d")&" - "&TEXT(B86-(WEEKDAY(B86,2)-1)+5,"mmm d")) -> Aug 10 - Aug 15 | B86: 46246 | C86: Roslyne Darche | E86: BDC | F86: Banker | K86: Yes | O86: Contact method: In-Person | Attempts: 1
A87: =IF(B87="","",TEXT(B87-(WEEKDAY(B87,2)-1),"mmm d")&" - "&TEXT(B87-(WEEKDAY(B87,2)-1)+5,"mmm d")) -> Aug 10 - Aug 15 | B87: 46246 | C87: Michael Bahou | E87: BDC | F87: Banker | K87: Yes | O87: Contact method: In-Person | Attempts: 1
A88: =IF(B88="","",TEXT(B88-(WEEKDAY(B88,2)-1),"mmm d")&" - "&TEXT(B88-(WEEKDAY(B88,2)-1)+5,"mmm d")) -> Aug 10 - Aug 15 | B88: 46246 | C88: Sabine Samaha | E88: BDC | F88: Banker | K88: Yes | O88: Contact method: In-Person | Attempts: 1
A89: =IF(B89="","",TEXT(B89-(WEEKDAY(B89,2)-1),"mmm d")&" - "&TEXT(B89-(WEEKDAY(B89,2)-1)+5,"mmm d")) -> Aug 10 - Aug 15 | B89: 46246 | C89: Eric Wuidart | F89: Other | K89: Yes | O89: Contact method: Phone Call | Attempts: 1
A90: =IF(B90="","",TEXT(B90-(WEEKDAY(B90,2)-1),"mmm d")&" - "&TEXT(B90-(WEEKDAY(B90,2)-1)+5,"mmm d")) -> Aug 10 - Aug 15 | B90: 46246 | C90: Kenny Baye | F90: Other | K90: Yes | O90: Contact method: In-Person | Attempts: 1
A91: =IF(B91="","",TEXT(B91-(WEEKDAY(B91,2)-1),"mmm d")&" - "&TEXT(B91-(WEEKDAY(B91,2)-1)+5,"mmm d")) -> Aug 10 - Aug 15 | B91: 46246 | C91: Ryan Ryzkallah | F91: Other | K91: Yes | O91: Contact method: In-Person | Attempts: 1
A92: =IF(B92="","",TEXT(B92-(WEEKDAY(B92,2)-1),"mmm d")&" - "&TEXT(B92-(WEEKDAY(B92,2)-1)+5,"mmm d")) -> Aug 10 - Aug 15 | B92: 46246 | C92: Leo Parisi | E92: BNC | F92: Banker | K92: Yes | O92: Contact method: LinkedIn | Attempts: 1
A93: =IF(B93="","",TEXT(B93-(WEEKDAY(B93,2)-1),"mmm d")&" - "&TEXT(B93-(WEEKDAY(B93,2)-1)+5,"mmm d")) -> Aug 10 - Aug 15 | B93: 46246 | C93: Simon Couturier | E93: BNC | F93: Banker | K93: Yes | O93: Contact method: Text/SMS | Attempts: 1
A94: =IF(B94="","",TEXT(B94-(WEEKDAY(B94,2)-1),"mmm d")&" - "&TEXT(B94-(WEEKDAY(B94,2)-1)+5,"mmm d")) -> Aug 10 - Aug 15 | B94: 46246 | C94: Jay Kamliah | E94: BNC | F94: Other | K94: Yes | O94: Contact method: In-Person | Attempts: 1
A95: =IF(B95="","",TEXT(B95-(WEEKDAY(B95,2)-1),"mmm d")&" - "&TEXT(B95-(WEEKDAY(B95,2)-1)+5,"mmm d")) -> Aug 10 - Aug 15 | B95: 46246 | C95: Emir Zrnic | E95: BDC | F95: Banker | K95: Yes | O95: Contact method: LinkedIn | Attempts: 1
A96: =IF(B96="","",TEXT(B96-(WEEKDAY(B96,2)-1),"mmm d")&" - "&TEXT(B96-(WEEKDAY(B96,2)-1)+5,"mmm d")) -> Aug 10 - Aug 15 | B96: 46246 | C96: Ibrahim Salman | F96: Investor | K96: Yes | O96: Contact method: Phone Call | Attempts: 1
A97: =IF(B97="","",TEXT(B97-(WEEKDAY(B97,2)-1),"mmm d")&" - "&TEXT(B97-(WEEKDAY(B97,2)-1)+5,"mmm d")) -> Aug 10 - Aug 15 | B97: 46246 | C97: Darryl Morley | E97: People's Trust | F97: Banker | K97: Yes | O97: Contact method: Phone Call | Attempts: 1
A98: =IF(B98="","",TEXT(B98-(WEEKDAY(B98,2)-1),"mmm d")&" - "&TEXT(B98-(WEEKDAY(B98,2)-1)+5,"mmm d"))
A99: =IF(B99="","",TEXT(B99-(WEEKDAY(B99,2)-1),"mmm d")&" - "&TEXT(B99-(WEEKDAY(B99,2)-1)+5,"mmm d"))
A100: =IF(B100="","",TEXT(B100-(WEEKDAY(B100,2)-1),"mmm d")&" - "&TEXT(B100-(WEEKDAY(B100,2)-1)+5,"mmm d"))
A101: =IF(B101="","",TEXT(B101-(WEEKDAY(B101,2)-1),"mmm d")&" - "&TEXT(B101-(WEEKDAY(B101,2)-1)+5,"mmm d"))
A102: =IF(B102="","",TEXT(B102-(WEEKDAY(B102,2)-1),"mmm d")&" - "&TEXT(B102-(WEEKDAY(B102,2)-1)+5,"mmm d"))
A103: =IF(B103="","",TEXT(B103-(WEEKDAY(B103,2)-1),"mmm d")&" - "&TEXT(B103-(WEEKDAY(B103,2)-1)+5,"mmm d"))
A104: =IF(B104="","",TEXT(B104-(WEEKDAY(B104,2)-1),"mmm d")&" - "&TEXT(B104-(WEEKDAY(B104,2)-1)+5,"mmm d"))
A105: =IF(B105="","",TEXT(B105-(WEEKDAY(B105,2)-1),"mmm d")&" - "&TEXT(B105-(WEEKDAY(B105,2)-1)+5,"mmm d"))
A106: =IF(B106="","",TEXT(B106-(WEEKDAY(B106,2)-1),"mmm d")&" - "&TEXT(B106-(WEEKDAY(B106,2)-1)+5,"mmm d"))
A107: =IF(B107="","",TEXT(B107-(WEEKDAY(B107,2)-1),"mmm d")&" - "&TEXT(B107-(WEEKDAY(B107,2)-1)+5,"mmm d"))
A108: =IF(B108="","",TEXT(B108-(WEEKDAY(B108,2)-1),"mmm d")&" - "&TEXT(B108-(WEEKDAY(B108,2)-1)+5,"mmm d"))
A109: =IF(B109="","",TEXT(B109-(WEEKDAY(B109,2)-1),"mmm d")&" - "&TEXT(B109-(WEEKDAY(B109,2)-1)+5,"mmm d"))
... A500: =IF(B500="","",TEXT(B500-(WEEKDAY(B500,2)-1),"mmm d")&" - "&TEXT(B500-(WEEKDAY(B500,2)-1)+5,"mmm d"))

Sheet Weekly Summary
A1: WEEKLY PIPELINE MEETING SUMMARY
A2: Weekly target (leads responded): | C2: 25
A4: Week Of | B4: Leads Contacted | C4: Responded | D4: Response Rate | E4: Target Met?
A5: Jul 6 - Jul 11 | B5: =COUNTIF('Lead Log'!$A:$A,A5) -> 38 | C5: =COUNTIFS('Lead Log'!$A:$A,A5,'Lead Log'!$K:$K,"Yes") -> 34 | D5: =IFERROR(C5/B5,0) -> 0.89473684 | E5: =IF(C5>=$C$2,"Yes","No") -> Yes
A6: Jul 13 - Jul 18 | B6: =COUNTIF('Lead Log'!$A:$A,A6) -> 1 | C6: =COUNTIFS('Lead Log'!$A:$A,A6,'Lead Log'!$K:$K,"Yes") -> 1 | D6: =IFERROR(C6/B6,0) -> 1 | E6: =IF(C6>=$C$2,"Yes","No") -> No
A7: Jul 20 - Jul 25 | B7: =COUNTIF('Lead Log'!$A:$A,A7) -> 6 | C7: =COUNTIFS('Lead Log'!$A:$A,A7,'Lead Log'!$K:$K,"Yes") -> 6 | D7: =IFERROR(C7/B7,0) -> 1 | E7: =IF(C7>=$C$2,"Yes","No") -> No
A8: Jul 27 - Aug 1 | B8: =COUNTIF('Lead Log'!$A:$A,A8) -> 11 | C8: =COUNTIFS('Lead Log'!$A:$A,A8,'Lead Log'!$K:$K,"Yes") -> 6 | D8: =IFERROR(C8/B8,0) -> 0.54545455 | E8: =IF(C8>=$C$2,"Yes","No") -> No
A9: Aug 3 - Aug 8 | B9: =COUNTIF('Lead Log'!$A:$A,A9) -> 17 | C9: =COUNTIFS('Lead Log'!$A:$A,A9,'Lead Log'!$K:$K,"Yes") -> 16 | D9: =IFERROR(C9/B9,0) -> 0.94117647 | E9: =IF(C9>=$C$2,"Yes","No") -> No
A10: Aug 10 - Aug 15 | B10: =COUNTIF('Lead Log'!$A:$A,A10) -> 23 | C10: =COUNTIFS('Lead Log'!$A:$A,A10,'Lead Log'!$K:$K,"Yes") -> 20 | D10: =IFERROR(C10/B10,0) -> 0.86956522 | E10: =IF(C10>=$C$2,"Yes","No") -> No
A12: Add weeks by continuing the Mon-Sat pattern down — formulas recalculate automatically.
